item_id,section_type,name
37742494,premium_recommand,안산역
37894792,premium_recommand,안산역
37886936,premium_recommand,안산역
37978949,premium_recommand,안산역
37802342,premium_recommand,안산역
38011714,premium_recommand,안산역
37894571,premium_recommand,안산역
38036414,premium_normal,안산역
37893157,premium_normal,안산역
37998805,premium_normal,안산역
37799447,premium_normal,안산역
37930687,premium_normal,안산역
37911201,premium_normal,안산역
37838005,premium_normal,안산역
37880065,premium_normal,안산역
37718214,premium_normal,안산역
38042270,premium_normal,안산역
37669646,premium_normal,안산역
37985659,premium_normal,안산역
37894744,premium_normal,안산역
37903122,premium_normal,안산역
37890275,premium_normal,안산역
37861593,premium_normal,안산역
37890289,premium_normal,안산역
37955066,recommand,안산역
38039856,recommand,안산역
37798585,recommand,안산역
37979662,recommand,안산역
38011645,recommand,안산역
37837887,recommand,안산역
37904016,recommand,안산역
37999205,recommand,안산역
37802318,recommand,안산역
37989526,recommand,안산역
38026003,recommand,안산역
38042127,recommand,안산역
38018973,recommand,안산역
37941827,recommand,안산역
37961547,recommand,안산역
38018817,recommand,안산역
37772383,recommand,안산역
37942918,recommand,안산역
37998591,recommand,안산역
37668361,vip,정왕역
37898586,vip,정왕역
38017770,vip,정왕역
38026884,vip,정왕역
37746266,vip,정왕역
37894778,vip,정왕역
38017887,vip,정왕역
38003802,vip,정왕역
38036644,premium_recommand,정왕역
38047524,premium_recommand,정왕역
38044038,premium_recommand,정왕역
38022106,premium_recommand,정왕역
37943872,premium_recommand,정왕역
37981186,premium_recommand,정왕역
38041579,premium_recommand,정왕역
38047107,premium_recommand,정왕역
37803633,premium_recommand,정왕역
38019370,premium_recommand,정왕역
37915581,premium_recommand,정왕역
38017053,premium_recommand,정왕역
38029369,premium_recommand,정왕역
38005683,premium_recommand,정왕역
38047574,premium_recommand,정왕역
37976758,premium_recommand,정왕역
38030188,premium_recommand,정왕역
38003693,premium_recommand,정왕역
38020336,premium_recommand,정왕역
37975555,premium_recommand,정왕역
37990965,premium_recommand,정왕역
37994206,premium_recommand,정왕역
38044405,premium_recommand,정왕역
38009133,premium_recommand,정왕역
38019099,premium_recommand,정왕역
37932624,premium_recommand,정왕역
38031217,premium_recommand,정왕역
38020164,premium_recommand,정왕역
38018303,premium_recommand,정왕역
37954502,premium_recommand,정왕역
37868172,premium_recommand,정왕역
37842073,premium_recommand,정왕역
37975718,premium_recommand,정왕역
38007297,premium_recommand,정왕역
38035347,premium_recommand,정왕역
37804358,premium_recommand,정왕역
37840937,premium_recommand,정왕역
38017707,premium_recommand,정왕역
38016527,premium_recommand,정왕역
38013571,premium_recommand,정왕역
38009232,premium_recommand,정왕역
37966099,premium_recommand,정왕역
37999405,premium_recommand,정왕역
37944752,premium_recommand,정왕역
38017542,premium_recommand,정왕역
37898495,premium_recommand,정왕역
37804263,premium_recommand,정왕역
37901830,premium_recommand,정왕역
38038576,premium_recommand,정왕역
38013445,premium_recommand,정왕역
38017126,premium_recommand,정왕역
38040518,premium_recommand,정왕역
38017191,premium_recommand,정왕역
37905593,premium_recommand,정왕역
38041373,premium_recommand,정왕역
37733938,premium_recommand,정왕역
38004669,premium_recommand,정왕역
38044338,premium_recommand,정왕역
38023638,premium_recommand,정왕역
38040646,premium_recommand,정왕역
38009656,premium_recommand,정왕역
37971616,premium_recommand,정왕역
37961600,premium_recommand,정왕역
38017525,premium_recommand,정왕역
38043795,premium_recommand,정왕역
37723186,premium_recommand,정왕역
38043434,premium_recommand,정왕역
37906837,premium_recommand,정왕역
37975044,premium_recommand,정왕역
37993047,premium_recommand,정왕역
37993969,premium_recommand,정왕역
37861669,premium_recommand,정왕역
37987094,premium_recommand,정왕역
38018469,premium_recommand,정왕역
38017086,premium_recommand,정왕역
38038970,premium_recommand,정왕역
38011450,premium_recommand,정왕역
38038048,premium_recommand,정왕역
38006553,premium_recommand,정왕역
38017740,premium_recommand,정왕역
38017626,premium_recommand,정왕역
38017153,premium_recommand,정왕역
37977451,premium_recommand,정왕역
38020804,premium_recommand,정왕역
37764816,premium_recommand,정왕역
38023549,premium_recommand,정왕역
37964313,premium_recommand,정왕역
37960304,premium_recommand,정왕역
38018467,premium_recommand,정왕역
38024906,premium_recommand,정왕역
38001998,premium_recommand,정왕역
37937325,premium_recommand,정왕역
37987038,premium_recommand,정왕역
38029270,premium_recommand,정왕역
38010458,premium_recommand,정왕역
37986415,premium_recommand,정왕역
38039766,premium_recommand,정왕역
37817564,premium_recommand,정왕역
38005594,premium_recommand,정왕역
38047490,premium_recommand,정왕역
37984569,premium_recommand,정왕역
38020746,premium_recommand,정왕역
38040541,premium_recommand,정왕역
37861119,premium_recommand,정왕역
37978317,premium_recommand,정왕역
37893275,premium_recommand,정왕역
37987778,premium_recommand,정왕역
37764660,premium_recommand,정왕역
38025961,premium_recommand,정왕역
38015677,premium_recommand,정왕역
38019161,premium_recommand,정왕역
38010206,premium_recommand,정왕역
37984615,premium_recommand,정왕역
37955472,premium_recommand,정왕역
38017441,premium_recommand,정왕역
38004210,premium_recommand,정왕역
37832042,premium_recommand,정왕역
38005158,premium_recommand,정왕역
38039939,premium_recommand,정왕역
37805556,premium_recommand,정왕역
38040166,premium_recommand,정왕역
37887992,premium_recommand,정왕역
38044613,premium_recommand,정왕역
38048230,premium_recommand,정왕역
37977741,premium_recommand,정왕역
37985110,premium_recommand,정왕역
38041108,premium_recommand,정왕역
38040094,premium_recommand,정왕역
37562819,premium_recommand,정왕역
37961651,premium_recommand,정왕역
37880308,premium_recommand,정왕역
37983892,premium_recommand,정왕역
37902833,premium_recommand,정왕역
38013797,premium_recommand,정왕역
37993495,premium_recommand,정왕역
38041220,premium_recommand,정왕역
38047298,premium_recommand,정왕역
38014134,premium_recommand,정왕역
37861100,premium_recommand,정왕역
37977901,premium_recommand,정왕역
38016896,premium_recommand,정왕역
38038661,premium_recommand,정왕역
37899697,premium_recommand,정왕역
38022552,premium_recommand,정왕역
37926912,premium_recommand,정왕역
37911083,premium_recommand,정왕역
37907591,premium_recommand,정왕역
37968100,premium_recommand,정왕역
37785172,premium_recommand,정왕역
37867540,premium_recommand,정왕역
38025482,premium_recommand,정왕역
38027096,premium_recommand,정왕역
38044740,premium_recommand,정왕역
38046698,premium_recommand,정왕역
38040224,premium_recommand,정왕역
38011919,premium_recommand,정왕역
37999427,premium_recommand,정왕역
37976683,premium_recommand,정왕역
38022207,premium_recommand,정왕역
38018546,premium_recommand,정왕역
38017266,premium_recommand,정왕역
37774840,premium_recommand,정왕역
38017966,premium_recommand,정왕역
38036747,premium_recommand,정왕역
37973856,premium_recommand,정왕역
37999619,premium_recommand,정왕역
38000984,premium_recommand,정왕역
37999269,premium_recommand,정왕역
38041793,premium_recommand,정왕역
38027036,premium_recommand,정왕역
37997397,premium_recommand,정왕역
37950648,premium_recommand,정왕역
37731612,premium_recommand,정왕역
38039434,premium_recommand,정왕역
38036202,premium_recommand,정왕역
37902847,premium_recommand,정왕역
37973670,premium_recommand,정왕역
37960747,premium_recommand,정왕역
38012477,premium_recommand,정왕역
37914244,premium_recommand,정왕역
37978563,premium_recommand,정왕역
38037577,premium_recommand,정왕역
37915569,premium_recommand,정왕역
37742609,premium_recommand,정왕역
38042165,premium_recommand,정왕역
38044352,premium_recommand,정왕역
37837107,premium_recommand,정왕역
37893290,premium_recommand,정왕역
38047177,premium_recommand,정왕역
37971098,premium_recommand,정왕역
38028879,premium_recommand,정왕역
37915692,premium_recommand,정왕역
38026751,premium_recommand,정왕역
37804393,premium_recommand,정왕역
38012067,premium_recommand,정왕역
38017970,premium_recommand,정왕역
38040873,premium_recommand,정왕역
38029076,premium_recommand,정왕역
38041811,premium_recommand,정왕역
38028982,premium_recommand,정왕역
38039334,premium_recommand,정왕역
38006760,premium_recommand,정왕역
37957909,premium_recommand,정왕역
38006664,premium_recommand,정왕역
38044180,premium_recommand,정왕역
38013393,premium_recommand,정왕역
37946579,premium_recommand,정왕역
38028798,premium_recommand,정왕역
38043914,premium_recommand,정왕역
38044875,premium_recommand,정왕역
38042415,premium_recommand,정왕역
38026929,premium_recommand,정왕역
37940336,premium_recommand,정왕역
38029306,premium_recommand,정왕역
37956112,premium_recommand,정왕역
37753492,premium_recommand,정왕역
38033052,premium_recommand,정왕역
37905246,premium_recommand,정왕역
37934336,premium_recommand,정왕역
37861095,premium_recommand,정왕역
37836986,premium_recommand,정왕역
38018623,premium_recommand,정왕역
38020128,premium_recommand,정왕역
38018402,premium_recommand,정왕역
37909819,premium_recommand,정왕역
38038862,premium_recommand,정왕역
38047336,premium_recommand,정왕역
37868158,premium_recommand,정왕역
38032742,premium_recommand,정왕역
38046563,premium_recommand,정왕역
37797245,premium_recommand,정왕역
37895271,premium_recommand,정왕역
38028608,premium_recommand,정왕역
37969170,premium_recommand,정왕역
37941017,premium_recommand,정왕역
37912954,premium_recommand,정왕역
37999438,premium_recommand,정왕역
37926965,premium_recommand,정왕역
38018167,premium_recommand,정왕역
38018160,premium_recommand,정왕역
38025377,premium_recommand,정왕역
38018085,premium_recommand,정왕역
38020693,premium_recommand,정왕역
38047162,premium_recommand,정왕역
38041651,premium_recommand,정왕역
38004596,premium_recommand,정왕역
38038742,premium_recommand,정왕역
38027037,premium_recommand,정왕역
38035897,premium_recommand,정왕역
38047450,premium_recommand,정왕역
37890402,premium_recommand,정왕역
37995834,premium_recommand,정왕역
37993698,premium_recommand,정왕역
38009091,premium_recommand,정왕역
38022899,premium_recommand,정왕역
37937392,premium_recommand,정왕역
38001527,premium_recommand,정왕역
38040629,premium_recommand,정왕역
37973940,premium_recommand,정왕역
38037600,premium_recommand,정왕역
38020422,premium_recommand,정왕역
38022613,premium_recommand,정왕역
38022302,premium_recommand,정왕역
38025642,premium_recommand,정왕역
37987559,premium_recommand,정왕역
38040330,premium_recommand,정왕역
38017983,premium_recommand,정왕역
38042272,premium_recommand,정왕역
37832020,premium_recommand,정왕역
38026889,premium_recommand,정왕역
38040993,premium_recommand,정왕역
38025892,premium_recommand,정왕역
38018918,premium_recommand,정왕역
38044277,premium_recommand,정왕역
37954665,premium_recommand,정왕역
37947756,premium_recommand,정왕역
38043711,premium_recommand,정왕역
38045911,premium_recommand,정왕역
38026328,premium_recommand,정왕역
37983866,premium_recommand,정왕역
38020773,premium_recommand,정왕역
37975980,premium_recommand,정왕역
38040406,premium_recommand,정왕역
38023921,premium_recommand,정왕역
37788807,premium_recommand,정왕역
38045232,premium_recommand,정왕역
38025873,premium_recommand,정왕역
38020885,premium_recommand,정왕역
38043599,premium_recommand,정왕역
37994099,premium_recommand,정왕역
38016348,premium_recommand,정왕역
38031208,premium_recommand,정왕역
37862550,premium_recommand,정왕역
38031896,premium_recommand,정왕역
38047482,premium_recommand,정왕역
38029459,premium_recommand,정왕역
37978091,premium_recommand,정왕역
38014042,premium_recommand,정왕역
37977923,premium_recommand,정왕역
38032359,premium_recommand,정왕역
37778291,premium_recommand,정왕역
38009200,premium_recommand,정왕역
38047425,premium_recommand,정왕역
37791913,premium_recommand,정왕역
38009208,premium_recommand,정왕역
37911774,premium_recommand,정왕역
38017603,premium_recommand,정왕역
38016594,premium_recommand,정왕역
38011846,premium_recommand,정왕역
37831898,premium_recommand,정왕역
37906487,premium_recommand,정왕역
38029728,premium_recommand,정왕역
37968093,premium_recommand,정왕역
38036115,premium_recommand,정왕역
38019354,premium_recommand,정왕역
38043775,premium_recommand,정왕역
38037704,premium_recommand,정왕역
38029163,premium_recommand,정왕역
37996727,premium_recommand,정왕역
37999888,premium_recommand,정왕역
37883269,premium_recommand,정왕역
37986748,premium_recommand,정왕역
38047438,premium_recommand,정왕역
38017470,premium_recommand,정왕역
37993830,premium_recommand,정왕역
38039155,premium_recommand,정왕역
37961777,premium_recommand,정왕역
37984663,premium_recommand,정왕역
37804312,premium_recommand,정왕역
37944275,premium_recommand,정왕역
38012410,premium_recommand,정왕역
38029571,premium_recommand,정왕역
38028632,premium_recommand,정왕역
37915666,premium_recommand,정왕역
37975997,premium_recommand,정왕역
37928911,premium_recommand,정왕역
38043694,premium_recommand,정왕역
38012881,premium_normal,정왕역
37811726,premium_normal,정왕역
37636518,premium_normal,정왕역
37891682,premium_normal,정왕역
38016990,premium_normal,정왕역
37566703,premium_normal,정왕역
37984844,premium_normal,정왕역
37670281,premium_normal,정왕역
37981213,premium_normal,정왕역
37909107,premium_normal,정왕역
38032015,premium_normal,정왕역
38043359,premium_normal,정왕역
37757825,premium_normal,정왕역
37949918,premium_normal,정왕역
37626259,premium_normal,정왕역
37964113,premium_normal,정왕역
38018390,premium_normal,정왕역
38028809,premium_normal,정왕역
37955419,premium_normal,정왕역
37602915,premium_normal,정왕역
37965417,premium_normal,정왕역
38025471,premium_normal,정왕역
38011400,premium_normal,정왕역
37970796,premium_normal,정왕역
37721687,premium_normal,정왕역
37977092,premium_normal,정왕역
37847763,premium_normal,정왕역
37582308,premium_normal,정왕역
37957630,premium_normal,정왕역
38010413,premium_normal,정왕역
38034784,premium_normal,정왕역
37624616,premium_normal,정왕역
37978125,premium_normal,정왕역
38038505,premium_normal,정왕역
38006398,premium_normal,정왕역
37999969,premium_normal,정왕역
38037036,premium_normal,정왕역
37992033,premium_normal,정왕역
38030651,premium_normal,정왕역
38006304,premium_normal,정왕역
37609815,premium_normal,정왕역
37923823,premium_normal,정왕역
38011493,premium_normal,정왕역
37900938,premium_normal,정왕역
37413166,premium_normal,정왕역
37742147,premium_normal,정왕역
38027399,premium_normal,정왕역
37412170,premium_normal,정왕역
38040338,premium_normal,정왕역
38003825,premium_normal,정왕역
37857805,premium_normal,정왕역
38006824,premium_normal,정왕역
37959166,premium_normal,정왕역
38026839,premium_normal,정왕역
37746416,premium_normal,정왕역
38037245,premium_normal,정왕역
38006364,premium_normal,정왕역
37890445,premium_normal,정왕역
37819919,premium_normal,정왕역
37841636,premium_normal,정왕역
37926557,premium_normal,정왕역
38025280,premium_normal,정왕역
37614769,premium_normal,정왕역
38023442,premium_normal,정왕역
37909127,premium_normal,정왕역
37921306,premium_normal,정왕역
38018811,premium_normal,정왕역
38027793,premium_normal,정왕역
38044139,premium_normal,정왕역
38003053,premium_normal,정왕역
38039282,premium_normal,정왕역
37840697,premium_normal,정왕역
37971807,premium_normal,정왕역
37996999,premium_normal,정왕역
38020533,premium_normal,정왕역
37928599,premium_normal,정왕역
38046633,premium_normal,정왕역
37968107,premium_normal,정왕역
37999039,premium_normal,정왕역
38018158,premium_normal,정왕역
38023459,premium_normal,정왕역
37860919,premium_normal,정왕역
38031528,premium_normal,정왕역
37860309,premium_normal,정왕역
38018296,premium_normal,정왕역
38041237,premium_normal,정왕역
37815231,premium_normal,정왕역
37991791,premium_normal,정왕역
37288231,premium_normal,정왕역
37840041,premium_normal,정왕역
38037590,premium_normal,정왕역
38026877,premium_normal,정왕역
38037862,premium_normal,정왕역
37982283,premium_normal,정왕역
37962104,premium_normal,정왕역
37939100,premium_normal,정왕역
38019094,premium_normal,정왕역
37911836,premium_normal,정왕역
37975576,premium_normal,정왕역
37905408,premium_normal,정왕역
37844185,premium_normal,정왕역
38017616,premium_normal,정왕역
37998714,premium_normal,정왕역
38042389,premium_normal,정왕역
37977658,premium_normal,정왕역
37669881,premium_normal,정왕역
38032752,premium_normal,정왕역
38026906,premium_normal,정왕역
37815320,premium_normal,정왕역
38026834,premium_normal,정왕역
37672070,premium_normal,정왕역
37867572,premium_normal,정왕역
38031468,premium_normal,정왕역
38032656,premium_normal,정왕역
37940587,premium_normal,정왕역
37562915,premium_normal,정왕역
37984293,premium_normal,정왕역
37859623,premium_normal,정왕역
38004922,premium_normal,정왕역
37567191,premium_normal,정왕역
38015471,premium_normal,정왕역
37980843,premium_normal,정왕역
37671962,premium_normal,정왕역
38027006,premium_normal,정왕역
38015464,premium_normal,정왕역
37980717,premium_normal,정왕역
38029621,premium_normal,정왕역
37857058,premium_normal,정왕역
37893394,premium_normal,정왕역
37746010,premium_normal,정왕역
38003921,premium_normal,정왕역
37857230,premium_normal,정왕역
37789102,premium_normal,정왕역
37893677,premium_normal,정왕역
38025283,premium_normal,정왕역
38009157,premium_normal,정왕역
38020520,premium_normal,정왕역
37984267,premium_normal,정왕역
38044059,premium_normal,정왕역
37952432,premium_normal,정왕역
37879648,premium_normal,정왕역
37841517,premium_normal,정왕역
37622558,premium_normal,정왕역
37947057,premium_normal,정왕역
38035432,premium_normal,정왕역
37947918,premium_normal,정왕역
37856814,premium_normal,정왕역
37789108,premium_normal,정왕역
38028213,premium_normal,정왕역
38003661,premium_normal,정왕역
37817389,premium_normal,정왕역
38025166,premium_normal,정왕역
38023720,premium_normal,정왕역
37566867,premium_normal,정왕역
37861126,premium_normal,정왕역
37921005,premium_normal,정왕역
38020512,premium_normal,정왕역
37972250,premium_normal,정왕역
38045869,premium_normal,정왕역
37862892,premium_normal,정왕역
38031453,premium_normal,정왕역
37998984,premium_normal,정왕역
37742196,premium_normal,정왕역
38004716,premium_normal,정왕역
38039508,premium_normal,정왕역
38000989,premium_normal,정왕역
38024909,premium_normal,정왕역
38031477,premium_normal,정왕역
38045017,recommand,정왕역
38047006,recommand,정왕역
37916738,recommand,정왕역
37850155,recommand,정왕역
37937242,recommand,정왕역
37742914,recommand,정왕역
37863643,recommand,정왕역
37861122,recommand,정왕역
37794163,recommand,정왕역
37771905,recommand,정왕역
38009311,recommand,정왕역
37973462,recommand,정왕역
37786029,recommand,정왕역
37971926,recommand,정왕역
38025966,recommand,정왕역
37863614,recommand,정왕역
37742916,recommand,정왕역
37694166,recommand,정왕역
37977574,recommand,정왕역
38007704,recommand,정왕역
37855094,recommand,정왕역
37973416,recommand,정왕역
37920348,recommand,정왕역
38027895,recommand,정왕역
37863809,recommand,정왕역
37900318,recommand,정왕역
37877302,recommand,정왕역
37971920,recommand,정왕역
37889121,recommand,정왕역
37860951,recommand,정왕역
38003382,recommand,정왕역
37863645,recommand,정왕역
37859822,recommand,정왕역
38044996,recommand,정왕역
37772152,recommand,정왕역
37793197,recommand,정왕역
37950973,recommand,정왕역
37785929,recommand,정왕역
37985277,recommand,정왕역
38032871,recommand,정왕역
37863658,recommand,정왕역
37652381,recommand,정왕역
37984546,recommand,정왕역
37863637,recommand,정왕역
37863679,recommand,정왕역
38041070,recommand,정왕역
37863666,recommand,정왕역
38027569,recommand,정왕역
37772345,recommand,정왕역
37993937,recommand,정왕역
37977510,recommand,정왕역
37783048,recommand,정왕역
37863622,recommand,정왕역
37936662,recommand,정왕역
37977277,recommand,정왕역
37985534,recommand,정왕역
37863629,recommand,정왕역
38009300,recommand,정왕역
37984339,recommand,정왕역
38040107,recommand,정왕역
37836986,premium_recommand,오이도역
38004596,premium_recommand,오이도역
37926912,premium_recommand,오이도역
37837107,premium_recommand,오이도역
38016527,premium_recommand,오이도역
37978317,premium_recommand,오이도역
37978563,premium_recommand,오이도역
38040629,premium_recommand,오이도역
37842073,premium_recommand,오이도역
38018623,premium_recommand,오이도역
37937392,premium_recommand,오이도역
37947756,premium_recommand,오이도역
37926965,premium_recommand,오이도역
38013797,premium_recommand,오이도역
38005683,premium_recommand,오이도역
38018546,premium_recommand,오이도역
37987038,premium_recommand,오이도역
38014042,premium_recommand,오이도역
38047298,premium_recommand,오이도역
38038862,premium_recommand,오이도역
38035897,premium_recommand,오이도역
37861669,premium_recommand,오이도역
37804393,premium_recommand,오이도역
38016348,premium_recommand,오이도역
37984663,premium_recommand,오이도역
37961651,premium_recommand,오이도역
37999438,premium_recommand,오이도역
37932624,premium_recommand,오이도역
38015677,premium_recommand,오이도역
38036747,premium_recommand,오이도역
38040166,premium_recommand,오이도역
37969170,premium_recommand,오이도역
37804358,premium_recommand,오이도역
37941017,premium_recommand,오이도역
38020746,premium_recommand,오이도역
38013445,premium_recommand,오이도역
37971098,premium_recommand,오이도역
38018469,premium_recommand,오이도역
38017626,premium_recommand,오이도역
38036115,premium_recommand,오이도역
38027096,premium_recommand,오이도역
37909819,premium_recommand,오이도역
37983892,premium_recommand,오이도역
38046563,premium_recommand,오이도역
38019161,premium_recommand,오이도역
38001998,premium_recommand,오이도역
38018918,premium_recommand,오이도역
37723186,premium_recommand,오이도역
38047177,premium_recommand,오이도역
37993969,premium_recommand,오이도역
37721687,premium_normal,오이도역
38039508,premium_normal,오이도역
37952432,premium_normal,오이도역
38025166,premium_normal,오이도역
37789102,premium_normal,오이도역
37624616,premium_normal,오이도역
37926557,premium_normal,오이도역
38018390,premium_normal,오이도역
38023442,premium_normal,오이도역
37947057,premium_normal,오이도역
37566867,premium_normal,오이도역
38031477,premium_normal,오이도역
38037245,premium_normal,오이도역
37288231,premium_normal,오이도역
37928599,premium_normal,오이도역
38027006,premium_normal,오이도역
38046633,premium_normal,오이도역
37984267,premium_normal,오이도역
38017616,premium_normal,오이도역
37947918,premium_normal,오이도역
37984293,premium_normal,오이도역
37841517,premium_normal,오이도역
37582308,premium_normal,오이도역
37894778,premium_normal,오이도역
37622558,premium_normal,오이도역
37965417,premium_normal,오이도역
37879648,premium_normal,오이도역
37614769,premium_normal,오이도역
37847763,premium_normal,오이도역
38015464,premium_normal,오이도역
37996999,premium_normal,오이도역
37981213,premium_normal,오이도역
37840041,premium_normal,오이도역
37955419,premium_normal,오이도역
38020512,premium_normal,오이도역
37968107,premium_normal,오이도역
37742147,premium_normal,오이도역
38027399,premium_normal,오이도역
37626259,premium_normal,오이도역
37893677,premium_normal,오이도역
38037590,premium_normal,오이도역
38026834,premium_normal,오이도역
37742196,premium_normal,오이도역
37566703,premium_normal,오이도역
37973462,recommand,오이도역
38010100,recommand,오이도역
38030200,recommand,오이도역
37772152,recommand,오이도역
38032972,recommand,오이도역
37971926,recommand,오이도역
37998667,recommand,오이도역
38010122,recommand,오이도역
37998786,recommand,오이도역
37970326,recommand,오이도역
37998532,recommand,오이도역
37850155,recommand,오이도역
38032953,recommand,오이도역
37937631,recommand,오이도역
37998450,recommand,오이도역
37985277,recommand,오이도역
37971920,recommand,오이도역
37977574,recommand,오이도역
38026417,recommand,오이도역
38028100,recommand,월곶역
38045322,recommand,월곶역
37906780,recommand,월곶역
37978707,recommand,월곶역
37906774,recommand,월곶역
38003799,recommand,월곶역
38028091,recommand,월곶역
